Nama Lengkap;Alamat Email;Nomor Telepon;Alamat;Jumlah Tanggungan
Joko Susilo;joko.susilo0@example.com;8413740415;Jl. Kamboja No. 92, Semarang;5
Ani Handayani;ani.handayani1@example.com;8605615293;Jl. Melati No. 60, Makassar;0
Siti Rahayu;siti.rahayu2@example.com;8420483260;Jl. Melati No. 36, Medan;0
Ratna Sari;ratna.sari3@example.com;8937434024;Jl. Kamboja No. 63, Denpasar;5
Sari Dewi;sari.dewi4@example.com;8332861014;Jl. Melati No. 29, Jakarta;2
Sari Dewi;sari.dewi5@example.com;8253732628;Jl. Kamboja No. 91, Makassar;1
Eko Prasetyo;eko.prasetyo6@example.com;8148686482;Jl. Kamboja No. 97, Surabaya;1
Sari Dewi;sari.dewi7@example.com;8331959531;Jl. Melati No. 75, Jakarta;1
Ahmad Fauzi;ahmad.fauzi8@example.com;8150041449;Jl. Mawar No. 81, Semarang;5
Ani Handayani;ani.handayani9@example.com;8278675500;Jl. Anggrek No. 60, Surabaya;0
Maya Indah;maya.indah10@example.com;8657335042;Jl. Kamboja No. 75, Semarang;5
Firman Syah;firman.syah11@example.com;8504318927;Jl. Melati No. 56, Semarang;5
Rudi Hartono;rudi.hartono12@example.com;8291013312;Jl. Mawar No. 8, Denpasar;4
Firman Syah;firman.syah13@example.com;8265255040;Jl. Kamboja No. 89, Semarang;0
Ahmad Fauzi;ahmad.fauzi14@example.com;8818768160;Jl. Anggrek No. 3, Bandung;4
Rina Wijaya;rina.wijaya15@example.com;8778447911;Jl. Mawar No. 79, Denpasar;3
Agus Setiawan;agus.setiawan16@example.com;8473500388;Jl. Kamboja No. 6, Surabaya;0
Rudi Hartono;rudi.hartono17@example.com;8187855598;Jl. Mawar No. 91, Medan;0
Ratna Sari;ratna.sari18@example.com;8331581844;Jl. Kamboja No. 58, Denpasar;0
Eko Prasetyo;eko.prasetyo19@example.com;8713720504;Jl. Kamboja No. 70, Semarang;1
Siti Rahayu;siti.rahayu20@example.com;8485218582;Jl. Kamboja No. 15, Makassar;1
Rina Wijaya;rina.wijaya21@example.com;8997270079;Jl. Kamboja No. 14, Yogyakarta;4
Budi Santoso;budi.santoso22@example.com;8617106153;Jl. Kamboja No. 69, Bandung;4
Agus Setiawan;agus.setiawan23@example.com;8937734400;Jl. Kamboja No. 50, Bandung;0
Lina Marlina;lina.marlina24@example.com;8990898238;Jl. Mawar No. 8, Denpasar;4
Ani Handayani;ani.handayani25@example.com;8944917052;Jl. Melati No. 30, Surabaya;1
Ratna Sari;ratna.sari26@example.com;8865359515;Jl. Melati No. 91, Bandung;5
Ani Handayani;ani.handayani27@example.com;8607643756;Jl. Kamboja No. 56, Jakarta;5
Dedi Hermawan;dedi.hermawan28@example.com;8721686160;Jl. Mawar No. 46, Bandung;5
Firman Syah;firman.syah29@example.com;8331374819;Jl. Kamboja No. 46, Denpasar;4
Eko Prasetyo;eko.prasetyo30@example.com;8975415631;Jl. Melati No. 94, Surabaya;3
Ahmad Fauzi;ahmad.fauzi31@example.com;8956718340;Jl. Mawar No. 78, Yogyakarta;1
Ratna Sari;ratna.sari32@example.com;8941927684;Jl. Mawar No. 12, Yogyakarta;3
Maya Indah;maya.indah33@example.com;8901212017;Jl. Melati No. 25, Jakarta;4
Rina Wijaya;rina.wijaya34@example.com;8489788839;Jl. Mawar No. 42, Surabaya;2
Yuni Astuti;yuni.astuti35@example.com;8204081927;Jl. Anggrek No. 30, Jakarta;0
Eko Prasetyo;eko.prasetyo36@example.com;8481782436;Jl. Mawar No. 2, Bandung;1
Sari Dewi;sari.dewi37@example.com;8939552847;Jl. Mawar No. 9, Medan;5
Rina Wijaya;rina.wijaya38@example.com;8807079681;Jl. Mawar No. 93, Yogyakarta;3
Rina Wijaya;rina.wijaya39@example.com;8595025706;Jl. Melati No. 77, Yogyakarta;2
Siti Rahayu;siti.rahayu40@example.com;8383062286;Jl. Anggrek No. 31, Makassar;2
Dedi Hermawan;dedi.hermawan41@example.com;8840861921;Jl. Anggrek No. 17, Denpasar;1
Dewi Lestari;dewi.lestari42@example.com;8868233211;Jl. Mawar No. 49, Semarang;1
Lina Marlina;lina.marlina43@example.com;8101597645;Jl. Melati No. 51, Surabaya;2
Eko Prasetyo;eko.prasetyo44@example.com;8842002387;Jl. Melati No. 42, Jakarta;0
Ratna Sari;ratna.sari45@example.com;8913378597;Jl. Kamboja No. 93, Bandung;0
Eko Prasetyo;eko.prasetyo46@example.com;8162311663;Jl. Melati No. 98, Semarang;3
Maya Indah;maya.indah47@example.com;8904094505;Jl. Mawar No. 19, Bandung;0
Joko Susilo;joko.susilo48@example.com;8127786413;Jl. Kamboja No. 58, Surabaya;2
Eko Prasetyo;eko.prasetyo49@example.com;8542158923;Jl. Mawar No. 54, Makassar;2
Maya Indah;maya.indah50@example.com;8806665426;Jl. Mawar No. 57, Makassar;4
Maya Indah;maya.indah51@example.com;8488613178;Jl. Melati No. 64, Jakarta;2
Dewi Lestari;dewi.lestari52@example.com;8792367626;Jl. Anggrek No. 56, Bandung;0
Ani Handayani;ani.handayani53@example.com;8171443445;Jl. Mawar No. 77, Denpasar;5
Ratna Sari;ratna.sari54@example.com;8298657148;Jl. Mawar No. 21, Bandung;3
Ahmad Fauzi;ahmad.fauzi55@example.com;8953430023;Jl. Melati No. 83, Denpasar;4
Ratna Sari;ratna.sari56@example.com;8545167025;Jl. Kamboja No. 36, Semarang;0
Linda Permata;linda.permata57@example.com;8121361502;Jl. Anggrek No. 8, Makassar;3
Dedi Hermawan;dedi.hermawan58@example.com;8884207936;Jl. Kamboja No. 79, Bandung;0
Maya Indah;maya.indah59@example.com;8785209049;Jl. Melati No. 3, Makassar;4
Lina Marlina;lina.marlina60@example.com;8193124408;Jl. Melati No. 21, Semarang;2
Dewi Lestari;dewi.lestari61@example.com;8110186335;Jl. Anggrek No. 53, Yogyakarta;5
Yuni Astuti;yuni.astuti62@example.com;8179642633;Jl. Melati No. 44, Surabaya;4
Ahmad Fauzi;ahmad.fauzi63@example.com;8700064548;Jl. Melati No. 8, Yogyakarta;2
Lina Marlina;lina.marlina64@example.com;8117276617;Jl. Anggrek No. 66, Bandung;4
Agus Setiawan;agus.setiawan65@example.com;8725198907;Jl. Mawar No. 85, Makassar;1
Ani Handayani;ani.handayani66@example.com;8333280669;Jl. Kamboja No. 23, Semarang;5
Hendra Kurniawan;hendra.kurniawan67@example.com;8142233460;Jl. Melati No. 7, Yogyakarta;0
Firman Syah;firman.syah68@example.com;8169920310;Jl. Melati No. 12, Makassar;0
Hadi Nugroho;hadi.nugroho69@example.com;8145234569;Jl. Melati No. 79, Bandung;5
Lina Marlina;lina.marlina70@example.com;8628307022;Jl. Kamboja No. 48, Jakarta;1
Ahmad Fauzi;ahmad.fauzi71@example.com;8416418815;Jl. Mawar No. 18, Jakarta;2
Sari Dewi;sari.dewi72@example.com;8765120016;Jl. Anggrek No. 46, Jakarta;0
Siti Rahayu;siti.rahayu73@example.com;8670186769;Jl. Mawar No. 30, Surabaya;1
Ahmad Fauzi;ahmad.fauzi74@example.com;8937497854;Jl. Anggrek No. 57, Surabaya;0
Ratna Sari;ratna.sari75@example.com;8210194604;Jl. Anggrek No. 49, Bandung;3
Ahmad Fauzi;ahmad.fauzi76@example.com;8376687417;Jl. Anggrek No. 8, Jakarta;2
Ani Handayani;ani.handayani77@example.com;8694758904;Jl. Mawar No. 33, Denpasar;3
Ratna Sari;ratna.sari78@example.com;8407052323;Jl. Melati No. 37, Jakarta;5
Agus Setiawan;agus.setiawan79@example.com;8983380613;Jl. Anggrek No. 18, Jakarta;2
Maya Indah;maya.indah80@example.com;8437386797;Jl. Anggrek No. 1, Bandung;1
Rina Wijaya;rina.wijaya81@example.com;8138731238;Jl. Anggrek No. 38, Jakarta;2
Maya Indah;maya.indah82@example.com;8548734793;Jl. Melati No. 14, Semarang;2
Linda Permata;linda.permata83@example.com;8337778398;Jl. Anggrek No. 54, Bandung;1
Agus Setiawan;agus.setiawan84@example.com;8452094892;Jl. Kamboja No. 100, Makassar;5
Dedi Hermawan;dedi.hermawan85@example.com;8590611418;Jl. Kamboja No. 74, Surabaya;2
Dedi Hermawan;dedi.hermawan86@example.com;8414669238;Jl. Anggrek No. 100, Denpasar;5
Firman Syah;firman.syah87@example.com;8920480729;Jl. Mawar No. 31, Yogyakarta;5
Linda Permata;linda.permata88@example.com;8807498984;Jl. Kamboja No. 14, Semarang;5
Linda Permata;linda.permata89@example.com;8775908653;Jl. Anggrek No. 75, Jakarta;0
Firman Syah;firman.syah90@example.com;8109508978;Jl. Anggrek No. 34, Makassar;4
Budi Santoso;budi.santoso91@example.com;8451034052;Jl. Mawar No. 92, Bandung;5
Rudi Hartono;rudi.hartono92@example.com;8690877164;Jl. Mawar No. 12, Yogyakarta;1
Rudi Hartono;rudi.hartono93@example.com;8363666272;Jl. Mawar No. 54, Surabaya;4
Dedi Hermawan;dedi.hermawan94@example.com;8149085263;Jl. Anggrek No. 34, Medan;5
Agus Setiawan;agus.setiawan95@example.com;8180244279;Jl. Anggrek No. 78, Yogyakarta;1
Hadi Nugroho;hadi.nugroho96@example.com;8824412296;Jl. Melati No. 98, Yogyakarta;1
Hendra Kurniawan;hendra.kurniawan97@example.com;8127793400;Jl. Anggrek No. 7, Semarang;3
Joko Susilo;joko.susilo98@example.com;8109494275;Jl. Mawar No. 84, Surabaya;3
Dedi Hermawan;dedi.hermawan99@example.com;8311197805;Jl. Melati No. 47, Medan;2
